<application>
  <component name="libraryTable">
    <library name="Pipenv (zenify-front-end) interpreter library">
      <CLASSES>
        <root url="file:///usr/lib/python3.8" />
        <root url="file:///usr/lib/python3.8/lib-dynload" />
        <root url="file://$USER_HOME$/.local/share/virtualenvs/zenify-front-end-zhr9mVpy/lib/python3.8/site-packages" />
        <root url="file://$USER_HOME$/.cache/JetBrains/CLion2020.2/python_stubs/-1865093054" />
        <root url="file://$APPLICATION_HOME_DIR$/plugins/python-ce/helpers/python-skeletons" />
        <root url="file://$APPLICATION_HOME_DIR$/plugins/python-ce/helpers/typeshed/stdlib/3.7" />
        <root url="file://$APPLICATION_HOME_DIR$/plugins/python-ce/helpers/typeshed/stdlib/3" />
        <root url="file://$APPLICATION_HOME_DIR$/plugins/python-ce/helpers/typeshed/stdlib/2and3" />
        <root url="file://$APPLICATION_HOME_DIR$/plugins/python-ce/helpers/typeshed/third_party/3" />
        <root url="file://$APPLICATION_HOME_DIR$/plugins/python-ce/helpers/typeshed/third_party/2and3" />
      </CLASSES>
      <SOURCES>
        <root url="file:///usr/lib/python3.8" />
        <root url="file:///usr/lib/python3.8/lib-dynload" />
        <root url="file://$USER_HOME$/.local/share/virtualenvs/zenify-front-end-zhr9mVpy/lib/python3.8/site-packages" />
        <root url="file://$USER_HOME$/.cache/JetBrains/CLion2020.2/python_stubs/-1865093054" />
        <root url="file://$APPLICATION_HOME_DIR$/plugins/python-ce/helpers/python-skeletons" />
        <root url="file://$APPLICATION_HOME_DIR$/plugins/python-ce/helpers/typeshed/stdlib/3.7" />
        <root url="file://$APPLICATION_HOME_DIR$/plugins/python-ce/helpers/typeshed/stdlib/3" />
        <root url="file://$APPLICATION_HOME_DIR$/plugins/python-ce/helpers/typeshed/stdlib/2and3" />
        <root url="file://$APPLICATION_HOME_DIR$/plugins/python-ce/helpers/typeshed/third_party/3" />
        <root url="file://$APPLICATION_HOME_DIR$/plugins/python-ce/helpers/typeshed/third_party/2and3" />
      </SOURCES>
    </library>
    <library name="Pipenv (zenify-front-end) interpreter library">
      <CLASSES>
        <root url="file:///usr/lib/python3.8" />
        <root url="file:///usr/lib/python3.8/lib-dynload" />
        <root url="file://$USER_HOME$/.local/share/virtualenvs/zenify-front-end-zhr9mVpy/lib/python3.8/site-packages" />
        <root url="file://$USER_HOME$/.cache/JetBrains/CLion2020.2/python_stubs/-1865093054" />
        <root url="file://$APPLICATION_HOME_DIR$/plugins/python-ce/helpers/python-skeletons" />
        <root url="file://$APPLICATION_HOME_DIR$/plugins/python-ce/helpers/typeshed/stdlib/3.7" />
        <root url="file://$APPLICATION_HOME_DIR$/plugins/python-ce/helpers/typeshed/stdlib/3" />
        <root url="file://$APPLICATION_HOME_DIR$/plugins/python-ce/helpers/typeshed/stdlib/2and3" />
        <root url="file://$APPLICATION_HOME_DIR$/plugins/python-ce/helpers/typeshed/third_party/3" />
        <root url="file://$APPLICATION_HOME_DIR$/plugins/python-ce/helpers/typeshed/third_party/2and3" />
      </CLASSES>
      <SOURCES>
        <root url="file:///usr/lib/python3.8" />
        <root url="file:///usr/lib/python3.8/lib-dynload" />
        <root url="file://$USER_HOME$/.local/share/virtualenvs/zenify-front-end-zhr9mVpy/lib/python3.8/site-packages" />
        <root url="file://$USER_HOME$/.cache/JetBrains/CLion2020.2/python_stubs/-1865093054" />
        <root url="file://$APPLICATION_HOME_DIR$/plugins/python-ce/helpers/python-skeletons" />
        <root url="file://$APPLICATION_HOME_DIR$/plugins/python-ce/helpers/typeshed/stdlib/3.7" />
        <root url="file://$APPLICATION_HOME_DIR$/plugins/python-ce/helpers/typeshed/stdlib/3" />
        <root url="file://$APPLICATION_HOME_DIR$/plugins/python-ce/helpers/typeshed/stdlib/2and3" />
        <root url="file://$APPLICATION_HOME_DIR$/plugins/python-ce/helpers/typeshed/third_party/3" />
        <root url="file://$APPLICATION_HOME_DIR$/plugins/python-ce/helpers/typeshed/third_party/2and3" />
      </SOURCES>
    </library>
    <library name="Pipenv (zenify-front-end) interpreter library">
      <CLASSES>
        <root url="file:///usr/lib/python3.8" />
        <root url="file:///usr/lib/python3.8/lib-dynload" />
        <root url="file://$USER_HOME$/.local/share/virtualenvs/zenify-front-end-zhr9mVpy/lib/python3.8/site-packages" />
        <root url="file://$USER_HOME$/.cache/JetBrains/CLion2020.2/python_stubs/-1865093054" />
        <root url="file://$APPLICATION_HOME_DIR$/plugins/python-ce/helpers/python-skeletons" />
        <root url="file://$APPLICATION_HOME_DIR$/plugins/python-ce/helpers/typeshed/stdlib/3.7" />
        <root url="file://$APPLICATION_HOME_DIR$/plugins/python-ce/helpers/typeshed/stdlib/3" />
        <root url="file://$APPLICATION_HOME_DIR$/plugins/python-ce/helpers/typeshed/stdlib/2and3" />
        <root url="file://$APPLICATION_HOME_DIR$/plugins/python-ce/helpers/typeshed/third_party/3" />
        <root url="file://$APPLICATION_HOME_DIR$/plugins/python-ce/helpers/typeshed/third_party/2and3" />
      </CLASSES>
      <SOURCES>
        <root url="file:///usr/lib/python3.8" />
        <root url="file:///usr/lib/python3.8/lib-dynload" />
        <root url="file://$USER_HOME$/.local/share/virtualenvs/zenify-front-end-zhr9mVpy/lib/python3.8/site-packages" />
        <root url="file://$USER_HOME$/.cache/JetBrains/CLion2020.2/python_stubs/-1865093054" />
        <root url="file://$APPLICATION_HOME_DIR$/plugins/python-ce/helpers/python-skeletons" />
        <root url="file://$APPLICATION_HOME_DIR$/plugins/python-ce/helpers/typeshed/stdlib/3.7" />
        <root url="file://$APPLICATION_HOME_DIR$/plugins/python-ce/helpers/typeshed/stdlib/3" />
        <root url="file://$APPLICATION_HOME_DIR$/plugins/python-ce/helpers/typeshed/stdlib/2and3" />
        <root url="file://$APPLICATION_HOME_DIR$/plugins/python-ce/helpers/typeshed/third_party/3" />
        <root url="file://$APPLICATION_HOME_DIR$/plugins/python-ce/helpers/typeshed/third_party/2and3" />
      </SOURCES>
    </library>
    <library name="Pipenv (zenify-front-end) interpreter library">
      <CLASSES>
        <root url="file:///usr/lib/python3.8" />
        <root url="file:///usr/lib/python3.8/lib-dynload" />
        <root url="file://$USER_HOME$/.local/share/virtualenvs/zenify-front-end-zhr9mVpy/lib/python3.8/site-packages" />
        <root url="file://$USER_HOME$/.cache/JetBrains/CLion2020.2/python_stubs/-1865093054" />
        <root url="file://$APPLICATION_HOME_DIR$/plugins/python-ce/helpers/python-skeletons" />
        <root url="file://$APPLICATION_HOME_DIR$/plugins/python-ce/helpers/typeshed/stdlib/3.7" />
        <root url="file://$APPLICATION_HOME_DIR$/plugins/python-ce/helpers/typeshed/stdlib/3" />
        <root url="file://$APPLICATION_HOME_DIR$/plugins/python-ce/helpers/typeshed/stdlib/2and3" />
        <root url="file://$APPLICATION_HOME_DIR$/plugins/python-ce/helpers/typeshed/third_party/3" />
        <root url="file://$APPLICATION_HOME_DIR$/plugins/python-ce/helpers/typeshed/third_party/2and3" />
      </CLASSES>
      <SOURCES>
        <root url="file:///usr/lib/python3.8" />
        <root url="file:///usr/lib/python3.8/lib-dynload" />
        <root url="file://$USER_HOME$/.local/share/virtualenvs/zenify-front-end-zhr9mVpy/lib/python3.8/site-packages" />
        <root url="file://$USER_HOME$/.cache/JetBrains/CLion2020.2/python_stubs/-1865093054" />
        <root url="file://$APPLICATION_HOME_DIR$/plugins/python-ce/helpers/python-skeletons" />
        <root url="file://$APPLICATION_HOME_DIR$/plugins/python-ce/helpers/typeshed/stdlib/3.7" />
        <root url="file://$APPLICATION_HOME_DIR$/plugins/python-ce/helpers/typeshed/stdlib/3" />
        <root url="file://$APPLICATION_HOME_DIR$/plugins/python-ce/helpers/typeshed/stdlib/2and3" />
        <root url="file://$APPLICATION_HOME_DIR$/plugins/python-ce/helpers/typeshed/third_party/3" />
        <root url="file://$APPLICATION_HOME_DIR$/plugins/python-ce/helpers/typeshed/third_party/2and3" />
      </SOURCES>
    </library>
    <library name="Pipenv (zenify-front-end) interpreter library">
      <CLASSES>
        <root url="file:///usr/lib/python3.8" />
        <root url="file:///usr/lib/python3.8/lib-dynload" />
        <root url="file://$USER_HOME$/.local/share/virtualenvs/zenify-front-end-zhr9mVpy/lib/python3.8/site-packages" />
        <root url="file://$USER_HOME$/.cache/JetBrains/CLion2020.2/python_stubs/-1865093054" />
        <root url="file://$APPLICATION_HOME_DIR$/plugins/python-ce/helpers/python-skeletons" />
        <root url="file://$APPLICATION_HOME_DIR$/plugins/python-ce/helpers/typeshed/stdlib/3.7" />
        <root url="file://$APPLICATION_HOME_DIR$/plugins/python-ce/helpers/typeshed/stdlib/3" />
        <root url="file://$APPLICATION_HOME_DIR$/plugins/python-ce/helpers/typeshed/stdlib/2and3" />
        <root url="file://$APPLICATION_HOME_DIR$/plugins/python-ce/helpers/typeshed/third_party/3" />
        <root url="file://$APPLICATION_HOME_DIR$/plugins/python-ce/helpers/typeshed/third_party/2and3" />
      </CLASSES>
      <SOURCES>
        <root url="file:///usr/lib/python3.8" />
        <root url="file:///usr/lib/python3.8/lib-dynload" />
        <root url="file://$USER_HOME$/.local/share/virtualenvs/zenify-front-end-zhr9mVpy/lib/python3.8/site-packages" />
        <root url="file://$USER_HOME$/.cache/JetBrains/CLion2020.2/python_stubs/-1865093054" />
        <root url="file://$APPLICATION_HOME_DIR$/plugins/python-ce/helpers/python-skeletons" />
        <root url="file://$APPLICATION_HOME_DIR$/plugins/python-ce/helpers/typeshed/stdlib/3.7" />
        <root url="file://$APPLICATION_HOME_DIR$/plugins/python-ce/helpers/typeshed/stdlib/3" />
        <root url="file://$APPLICATION_HOME_DIR$/plugins/python-ce/helpers/typeshed/stdlib/2and3" />
        <root url="file://$APPLICATION_HOME_DIR$/plugins/python-ce/helpers/typeshed/third_party/3" />
        <root url="file://$APPLICATION_HOME_DIR$/plugins/python-ce/helpers/typeshed/third_party/2and3" />
      </SOURCES>
    </library>
    <library name="Pipenv (zenify-front-end) interpreter library">
      <CLASSES>
        <root url="file:///usr/lib/python3.8" />
        <root url="file:///usr/lib/python3.8/lib-dynload" />
        <root url="file://$USER_HOME$/.local/share/virtualenvs/zenify-front-end-zhr9mVpy/lib/python3.8/site-packages" />
        <root url="file://$USER_HOME$/.cache/JetBrains/CLion2020.2/python_stubs/-1865093054" />
        <root url="file://$APPLICATION_HOME_DIR$/plugins/python-ce/helpers/python-skeletons" />
        <root url="file://$APPLICATION_HOME_DIR$/plugins/python-ce/helpers/typeshed/stdlib/3.7" />
        <root url="file://$APPLICATION_HOME_DIR$/plugins/python-ce/helpers/typeshed/stdlib/3" />
        <root url="file://$APPLICATION_HOME_DIR$/plugins/python-ce/helpers/typeshed/stdlib/2and3" />
        <root url="file://$APPLICATION_HOME_DIR$/plugins/python-ce/helpers/typeshed/third_party/3" />
        <root url="file://$APPLICATION_HOME_DIR$/plugins/python-ce/helpers/typeshed/third_party/2and3" />
      </CLASSES>
      <SOURCES>
        <root url="file:///usr/lib/python3.8" />
        <root url="file:///usr/lib/python3.8/lib-dynload" />
        <root url="file://$USER_HOME$/.local/share/virtualenvs/zenify-front-end-zhr9mVpy/lib/python3.8/site-packages" />
        <root url="file://$USER_HOME$/.cache/JetBrains/CLion2020.2/python_stubs/-1865093054" />
        <root url="file://$APPLICATION_HOME_DIR$/plugins/python-ce/helpers/python-skeletons" />
        <root url="file://$APPLICATION_HOME_DIR$/plugins/python-ce/helpers/typeshed/stdlib/3.7" />
        <root url="file://$APPLICATION_HOME_DIR$/plugins/python-ce/helpers/typeshed/stdlib/3" />
        <root url="file://$APPLICATION_HOME_DIR$/plugins/python-ce/helpers/typeshed/stdlib/2and3" />
        <root url="file://$APPLICATION_HOME_DIR$/plugins/python-ce/helpers/typeshed/third_party/3" />
        <root url="file://$APPLICATION_HOME_DIR$/plugins/python-ce/helpers/typeshed/third_party/2and3" />
      </SOURCES>
    </library>
    <library name="Pipenv (zenify-front-end) interpreter library">
      <CLASSES>
        <root url="file:///usr/lib/python3.8" />
        <root url="file:///usr/lib/python3.8/lib-dynload" />
        <root url="file://$USER_HOME$/.local/share/virtualenvs/zenify-front-end-zhr9mVpy/lib/python3.8/site-packages" />
        <root url="file://$USER_HOME$/.cache/JetBrains/CLion2020.2/python_stubs/-1865093054" />
        <root url="file://$APPLICATION_HOME_DIR$/plugins/python-ce/helpers/python-skeletons" />
        <root url="file://$APPLICATION_HOME_DIR$/plugins/python-ce/helpers/typeshed/stdlib/3.7" />
        <root url="file://$APPLICATION_HOME_DIR$/plugins/python-ce/helpers/typeshed/stdlib/3" />
        <root url="file://$APPLICATION_HOME_DIR$/plugins/python-ce/helpers/typeshed/stdlib/2and3" />
        <root url="file://$APPLICATION_HOME_DIR$/plugins/python-ce/helpers/typeshed/third_party/3" />
        <root url="file://$APPLICATION_HOME_DIR$/plugins/python-ce/helpers/typeshed/third_party/2and3" />
      </CLASSES>
      <SOURCES>
        <root url="file:///usr/lib/python3.8" />
        <root url="file:///usr/lib/python3.8/lib-dynload" />
        <root url="file://$USER_HOME$/.local/share/virtualenvs/zenify-front-end-zhr9mVpy/lib/python3.8/site-packages" />
        <root url="file://$USER_HOME$/.cache/JetBrains/CLion2020.2/python_stubs/-1865093054" />
        <root url="file://$APPLICATION_HOME_DIR$/plugins/python-ce/helpers/python-skeletons" />
        <root url="file://$APPLICATION_HOME_DIR$/plugins/python-ce/helpers/typeshed/stdlib/3.7" />
        <root url="file://$APPLICATION_HOME_DIR$/plugins/python-ce/helpers/typeshed/stdlib/3" />
        <root url="file://$APPLICATION_HOME_DIR$/plugins/python-ce/helpers/typeshed/stdlib/2and3" />
        <root url="file://$APPLICATION_HOME_DIR$/plugins/python-ce/helpers/typeshed/third_party/3" />
        <root url="file://$APPLICATION_HOME_DIR$/plugins/python-ce/helpers/typeshed/third_party/2and3" />
      </SOURCES>
    </library>
    <library name="Pipenv (zenify-front-end) interpreter library">
      <CLASSES>
        <root url="file:///usr/lib/python3.8" />
        <root url="file:///usr/lib/python3.8/lib-dynload" />
        <root url="file://$USER_HOME$/.local/share/virtualenvs/zenify-front-end-zhr9mVpy/lib/python3.8/site-packages" />
        <root url="file://$USER_HOME$/.cache/JetBrains/CLion2020.2/python_stubs/-1865093054" />
        <root url="file://$APPLICATION_HOME_DIR$/plugins/python-ce/helpers/python-skeletons" />
        <root url="file://$APPLICATION_HOME_DIR$/plugins/python-ce/helpers/typeshed/stdlib/3.7" />
        <root url="file://$APPLICATION_HOME_DIR$/plugins/python-ce/helpers/typeshed/stdlib/3" />
        <root url="file://$APPLICATION_HOME_DIR$/plugins/python-ce/helpers/typeshed/stdlib/2and3" />
        <root url="file://$APPLICATION_HOME_DIR$/plugins/python-ce/helpers/typeshed/third_party/3" />
        <root url="file://$APPLICATION_HOME_DIR$/plugins/python-ce/helpers/typeshed/third_party/2and3" />
      </CLASSES>
      <SOURCES>
        <root url="file:///usr/lib/python3.8" />
        <root url="file:///usr/lib/python3.8/lib-dynload" />
        <root url="file://$USER_HOME$/.local/share/virtualenvs/zenify-front-end-zhr9mVpy/lib/python3.8/site-packages" />
        <root url="file://$USER_HOME$/.cache/JetBrains/CLion2020.2/python_stubs/-1865093054" />
        <root url="file://$APPLICATION_HOME_DIR$/plugins/python-ce/helpers/python-skeletons" />
        <root url="file://$APPLICATION_HOME_DIR$/plugins/python-ce/helpers/typeshed/stdlib/3.7" />
        <root url="file://$APPLICATION_HOME_DIR$/plugins/python-ce/helpers/typeshed/stdlib/3" />
        <root url="file://$APPLICATION_HOME_DIR$/plugins/python-ce/helpers/typeshed/stdlib/2and3" />
        <root url="file://$APPLICATION_HOME_DIR$/plugins/python-ce/helpers/typeshed/third_party/3" />
        <root url="file://$APPLICATION_HOME_DIR$/plugins/python-ce/helpers/typeshed/third_party/2and3" />
      </SOURCES>
    </library>
    <library name="Pipenv (zenify-front-end) interpreter library">
      <CLASSES>
        <root url="file:///usr/lib/python3.8" />
        <root url="file:///usr/lib/python3.8/lib-dynload" />
        <root url="file://$USER_HOME$/.local/share/virtualenvs/zenify-front-end-zhr9mVpy/lib/python3.8/site-packages" />
        <root url="file://$USER_HOME$/.cache/JetBrains/CLion2020.2/python_stubs/-1865093054" />
        <root url="file://$APPLICATION_HOME_DIR$/plugins/python-ce/helpers/python-skeletons" />
        <root url="file://$APPLICATION_HOME_DIR$/plugins/python-ce/helpers/typeshed/stdlib/3.7" />
        <root url="file://$APPLICATION_HOME_DIR$/plugins/python-ce/helpers/typeshed/stdlib/3" />
        <root url="file://$APPLICATION_HOME_DIR$/plugins/python-ce/helpers/typeshed/stdlib/2and3" />
        <root url="file://$APPLICATION_HOME_DIR$/plugins/python-ce/helpers/typeshed/third_party/3" />
        <root url="file://$APPLICATION_HOME_DIR$/plugins/python-ce/helpers/typeshed/third_party/2and3" />
      </CLASSES>
      <SOURCES>
        <root url="file:///usr/lib/python3.8" />
        <root url="file:///usr/lib/python3.8/lib-dynload" />
        <root url="file://$USER_HOME$/.local/share/virtualenvs/zenify-front-end-zhr9mVpy/lib/python3.8/site-packages" />
        <root url="file://$USER_HOME$/.cache/JetBrains/CLion2020.2/python_stubs/-1865093054" />
        <root url="file://$APPLICATION_HOME_DIR$/plugins/python-ce/helpers/python-skeletons" />
        <root url="file://$APPLICATION_HOME_DIR$/plugins/python-ce/helpers/typeshed/stdlib/3.7" />
        <root url="file://$APPLICATION_HOME_DIR$/plugins/python-ce/helpers/typeshed/stdlib/3" />
        <root url="file://$APPLICATION_HOME_DIR$/plugins/python-ce/helpers/typeshed/stdlib/2and3" />
        <root url="file://$APPLICATION_HOME_DIR$/plugins/python-ce/helpers/typeshed/third_party/3" />
        <root url="file://$APPLICATION_HOME_DIR$/plugins/python-ce/helpers/typeshed/third_party/2and3" />
      </SOURCES>
    </library>
  </component>
</application>