<application>
  <component name="ProjectJdkTable">
    <jdk version="2">
      <name value="Pipenv (zenify-front-end)" />
      <type value="Python SDK" />
      <version value="Python 3.8.5" />
      <homePath value="$USER_HOME$/.local/share/virtualenvs/zenify-front-end-zhr9mVpy/bin/python" />
      <roots>
        <classPath>
          <root type="composite">
            <root url="file:///usr/lib/python3.8" type="simple" />
            <root url="file:///usr/lib/python3.8/lib-dynload" type="simple" />
            <root url="file://$USER_HOME$/.local/share/virtualenvs/zenify-front-end-zhr9mVpy/lib/python3.8/site-packages" type="simple" />
            <root url="file://$USER_HOME$/.cache/JetBrains/CLion2020.2/python_stubs/-1865093054" type="simple" />
            <root url="file://$APPLICATION_HOME_DIR$/plugins/python-ce/helpers/python-skeletons" type="simple" />
            <root url="file://$APPLICATION_HOME_DIR$/plugins/python-ce/helpers/typeshed/stdlib/3.7" type="simple" />
            <root url="file://$APPLICATION_HOME_DIR$/plugins/python-ce/helpers/typeshed/stdlib/3" type="simple" />
            <root url="file://$APPLICATION_HOME_DIR$/plugins/python-ce/helpers/typeshed/stdlib/2and3" type="simple" />
            <root url="file://$APPLICATION_HOME_DIR$/plugins/python-ce/helpers/typeshed/third_party/3" type="simple" />
            <root url="file://$APPLICATION_HOME_DIR$/plugins/python-ce/helpers/typeshed/third_party/2and3" type="simple" />
          </root>
        </classPath>
        <sourcePath>
          <root type="composite" />
        </sourcePath>
      </roots>
      <additional ASSOCIATED_PROJECT_PATH="$USER_HOME$/workspace/zenrepos/zenify-front-end" IS_PIPENV="true" />
    </jdk>
  </component>
</application>