<application>
  <component name="WebServers">
    <option name="servers">
      <webServer id="05c99866-fd66-4991-8c69-a716ddcc5732" name="Remote Host (05c99866-fd66-4991-8c69-a716ddcc5732)" url="http:///">
        <fileTransfer accessType="SFTP" host="localhost" port="2222" sshConfigId="14aba9df-f5e1-496d-8f2d-25e15c74dfb0" sshConfig="root@localhost:2222 agent" authAgent="true" />
      </webServer>
      <webServer id="9495f757-b0db-4df4-8224-3e7bfa64dad8" name="Remote Host (9495f757-b0db-4df4-8224-3e7bfa64dad8)" url="http:///">
        <fileTransfer accessType="SFTP" host="localhost" port="2222" sshConfigId="14aba9df-f5e1-496d-8f2d-25e15c74dfb0" sshConfig="root@localhost:2222 agent" authAgent="true" />
      </webServer>
    </option>
  </component>
</application>