<application>
  <component name="WebServers">
    <option name="servers">
      <webServer id="05c99866-fd66-4991-8c69-a716ddcc5732" name="Remote Host (05c99866-fd66-4991-8c69-a716ddcc5732)" url="http:///">
        <fileTransfer accessType="SFTP" host="docker-base" port="22" sshConfigId="14aba9df-f5e1-496d-8f2d-25e15c74dfb0" sshConfig="craig@docker-base:22 agent" authAgent="true" />
      </webServer>
      <webServer id="9495f757-b0db-4df4-8224-3e7bfa64dad8" name="fe-docker (9495f757-b0db-4df4-8224-3e7bfa64dad8)" url="http:///">
        <fileTransfer accessType="SFTP" host="localhost" port="2222" sshConfigId="f596c3b8-23ac-448e-9f94-5c5c1eed50e5" sshConfig="root@localhost:2222 password" />
      </webServer>
      <webServer id="82054332-e0f3-4c8a-85cb-80b68e8fe890" name="base-docker (82054332-e0f3-4c8a-85cb-80b68e8fe890)" url="http:///">
        <fileTransfer accessType="SFTP" host="docker-base" port="22" sshConfigId="14aba9df-f5e1-496d-8f2d-25e15c74dfb0" sshConfig="craig@docker-base:22 agent" authAgent="true" />
      </webServer>
    </option>
  </component>
</application>