<profile version="1.0">
  <option name="myName" value="Default" />
  <inspection_tool class="DuplicatedCode" enabled="false" level="WEAK WARNING" enabled_by_default="false" />
  <inspection_tool class="PyPackageRequirementsInspection" enabled="false" level="WARNING" enabled_by_default="false">
    <option name="ignoredPackages">
      <value>
        <list size="5">
          <item index="0" class="java.lang.String" itemvalue="pytest" />
          <item index="1" class="java.lang.String" itemvalue="iniconfig" />
          <item index="2" class="java.lang.String" itemvalue="certifi" />
          <item index="3" class="java.lang.String" itemvalue="pytz" />
          <item index="4" class="java.lang.String" itemvalue="toml" />
        </list>
      </value>
    </option>
  </inspection_tool>
</profile>