<keymap version="1" name="XWin copy" parent="Default for XWin">
  <action id="Build">
    <keyboard-shortcut first-keystroke="ctrl b" />
  </action>
  <action id="CloseAllEditors">
    <keyboard-shortcut first-keystroke="shift ctrl w" />
  </action>
  <action id="CloseContent">
    <keyboard-shortcut first-keystroke="ctrl w" />
  </action>
  <action id="EditorSelectWord" />
  <action id="EditorUnSelectWord" />
  <action id="GotoDeclaration">
    <mouse-shortcut keystroke="control button1" />
  </action>
  <action id="GotoTypeDeclaration">
    <mouse-shortcut keystroke="shift control button1" />
  </action>
  <action id="Jdbc.OpenEditor.DDL">
    <mouse-shortcut keystroke="control button1" />
  </action>
  <action id="ReopenClosedTab">
    <keyboard-shortcut first-keystroke="ctrl t" />
  </action>
  <action id="Run">
    <keyboard-shortcut first-keystroke="shift ctrl b" />
  </action>
  <action id="Vcs.UpdateProject" />
</keymap>